provider_admin1_name,mpi,headcount_ratio,intensity_of_deprivation,vulnerable_to_poverty,in_severe_poverty,reference_period_start,reference_period_end,text
Andaman & Nicobar Islands,0.0142,3.6708,38.6353,10.1618,0.4575,2019-01-01,2021-12-31,"In Andaman & Nicobar Islands, 3.67% of population lives in poverty with an MPI score of 0.0142"
Andhra Pradesh,0.2356,49.8836,47.2247,18.6133,21.5491,2005-01-01,2006-12-31,"In Andhra Pradesh, 49.88% of population lives in poverty with an MPI score of 0.2356"
Andhra Pradesh,0.0631,15.4135,40.9613,19.2037,3.1922,2015-01-01,2016-12-31,"In Andhra Pradesh, 15.41% of population lives in poverty with an MPI score of 0.0631"
Andhra Pradesh,0.0278,7.1138,39.1028,16.0771,0.9091,2019-01-01,2021-12-31,"In Andhra Pradesh, 7.11% of population lives in poverty with an MPI score of 0.0278"
Arunachal Pradesh,0.3128,59.9419,52.192,15.6431,32.0036,2005-01-01,2006-12-31,"In Arunachal Pradesh, 59.94% of population lives in poverty with an MPI score of 0.3128"
Arunachal Pradesh,0.1076,24.3453,44.1993,20.3356,7.5592,2015-01-01,2016-12-31,"In Arunachal Pradesh, 24.35% of population lives in poverty with an MPI score of 0.1076"
Arunachal Pradesh,0.0541,13.2061,40.9441,18.4609,2.7448,2019-01-01,2021-12-31,"In Arunachal Pradesh, 13.21% of population lives in poverty with an MPI score of 0.0541"
Assam,0.3171,61.6816,51.407,17.4676,32.4914,2005-01-01,2006-12-31,"In Assam, 61.68% of population lives in poverty with an MPI score of 0.3171"
Assam,0.1615,36.184,44.6449,20.3578,12.1818,2015-01-01,2016-12-31,"In Assam, 36.18% of population lives in poverty with an MPI score of 0.1615"
Assam,0.0899,21.4105,41.9974,21.6924,5.4333,2019-01-01,2021-12-31,"In Assam, 21.41% of population lives in poverty with an MPI score of 0.0899"
Bihar,0.4484,77.3747,57.9579,11.4109,50.7506,2005-01-01,2006-12-31,"In Bihar, 77.37% of population lives in poverty with an MPI score of 0.4484"
Bihar,0.2475,52.4125,47.2213,19.2104,22.3667,2015-01-01,2016-12-31,"In Bihar, 52.41% of population lives in poverty with an MPI score of 0.2475"
Bihar,0.1544,34.6609,44.5458,19.9787,13.1912,2019-01-01,2021-12-31,"In Bihar, 34.66% of population lives in poverty with an MPI score of 0.1544"
Chandigarh,0.0178,3.9426,45.1799,6.94,1.183,2019-01-01,2021-12-31,"In Chandigarh, 3.94% of population lives in poverty with an MPI score of 0.0178"
Chhattisgarh,0.3552,69.9447,50.7899,13.2869,34.9563,2005-01-01,2006-12-31,"In Chhattisgarh, 69.94% of population lives in poverty with an MPI score of 0.3552"
Chhattisgarh,0.1524,36.7632,41.4573,19.8436,9.022,2015-01-01,2016-12-31,"In Chhattisgarh, 36.76% of population lives in poverty with an MPI score of 0.1524"
Chhattisgarh,0.0732,17.8848,40.9144,24.0007,3.7308,2019-01-01,2021-12-31,"In Chhattisgarh, 17.88% of population lives in poverty with an MPI score of 0.0732"
Dadra & Nagar Haveli and Daman & Diu,0.0559,14.2685,39.173,19.3786,2.412,2019-01-01,2021-12-31,"In Dadra & Nagar Haveli and Daman & Diu, 14.27% of population lives in poverty with an MPI score of 0.0559"
Delhi,0.0571,12.6317,45.1939,14.4465,4.1882,2005-01-01,2006-12-31,"In Delhi, 12.63% of population lives in poverty with an MPI score of 0.0571"
Delhi,0.0167,3.9817,42.0583,11.8731,0.9001,2015-01-01,2016-12-31,"In Delhi, 3.98% of population lives in poverty with an MPI score of 0.0167"
Delhi,0.0134,3.3543,39.9122,7.1893,0.489,2019-01-01,2021-12-31,"In Delhi, 3.35% of population lives in poverty with an MPI score of 0.0134"
Goa,0.0875,20.5985,42.4944,17.8405,4.9981,2005-01-01,2006-12-31,"In Goa, 20.6% of population lives in poverty with an MPI score of 0.0875"
Goa,0.0203,5.4594,37.1865,9.3327,0.4245,2015-01-01,2016-12-31,"In Goa, 5.46% of population lives in poverty with an MPI score of 0.0203"
Goa,0.0053,1.3938,38.2264,6.3891,0.1361,2019-01-01,2021-12-31,"In Goa, 1.39% of population lives in poverty with an MPI score of 0.0053"
Gujarat,0.1851,38.2998,48.3205,18.4434,16.4761,2005-01-01,2006-12-31,"In Gujarat, 38.3% of population lives in poverty with an MPI score of 0.1851"
Gujarat,0.0907,21.4871,42.2344,18.2591,5.4413,2015-01-01,2016-12-31,"In Gujarat, 21.49% of population lives in poverty with an MPI score of 0.0907"
Gujarat,0.059,14.4022,40.9834,17.7388,3.0165,2019-01-01,2021-12-31,"In Gujarat, 14.4% of population lives in poverty with an MPI score of 0.059"
Haryana,0.1863,39.0433,47.707,20.9544,16.6099,2005-01-01,2006-12-31,"In Haryana, 39.04% of population lives in poverty with an MPI score of 0.1863"
Haryana,0.0452,10.7034,42.2607,19.065,2.5923,2015-01-01,2016-12-31,"In Haryana, 10.7% of population lives in poverty with an MPI score of 0.0452"
Haryana,0.0298,7.1746,41.5452,17.9088,1.5933,2019-01-01,2021-12-31,"In Haryana, 7.17% of population lives in poverty with an MPI score of 0.0298"
Himachal Pradesh,0.1287,30.9322,41.5952,27.4674,6.2354,2005-01-01,2006-12-31,"In Himachal Pradesh, 30.93% of population lives in poverty with an MPI score of 0.1287"
Himachal Pradesh,0.0304,8.1221,37.3896,21.1457,0.5614,2015-01-01,2016-12-31,"In Himachal Pradesh, 8.12% of population lives in poverty with an MPI score of 0.0304"
Himachal Pradesh,0.0204,5.3103,38.3324,17.4194,0.6345,2019-01-01,2021-12-31,"In Himachal Pradesh, 5.31% of population lives in poverty with an MPI score of 0.0204"
Jammu & Kashmir,0.1933,41.7069,46.3355,20.586,15.4783,2005-01-01,2006-12-31,"In Jammu & Kashmir, 41.71% of population lives in poverty with an MPI score of 0.1933"
Jammu & Kashmir,0.0635,15.2273,41.7246,17.4129,3.3359,2015-01-01,2016-12-31,"In Jammu & Kashmir, 15.23% of population lives in poverty with an MPI score of 0.0635"
Jammu & Kashmir,0.0249,6.2595,39.7527,11.1951,1.0051,2019-01-01,2021-12-31,"In Jammu & Kashmir, 6.26% of population lives in poverty with an MPI score of 0.0249"
Jharkhand,0.4291,74.8587,57.3195,10.8042,50.1225,2005-01-01,2006-12-31,"In Jharkhand, 74.86% of population lives in poverty with an MPI score of 0.4291"
Jharkhand,0.208,46.5002,44.7287,20.4294,15.4296,2015-01-01,2016-12-31,"In Jharkhand, 46.5% of population lives in poverty with an MPI score of 0.208"
Jharkhand,0.1318,30.603,43.0699,22.5427,9.1473,2019-01-01,2021-12-31,"In Jharkhand, 30.6% of population lives in poverty with an MPI score of 0.1318"
Karnataka,0.2278,48.6952,46.7901,19.9324,18.905,2005-01-01,2006-12-31,"In Karnataka, 48.7% of population lives in poverty with an MPI score of 0.2278"
Karnataka,0.0669,16.8236,39.7623,18.2573,3.1592,2015-01-01,2016-12-31,"In Karnataka, 16.82% of population lives in poverty with an MPI score of 0.0669"
Karnataka,0.0333,8.4979,39.2263,17.9722,1.2819,2019-01-01,2021-12-31,"In Karnataka, 8.5% of population lives in poverty with an MPI score of 0.0333"
Kerala,0.0528,13.3014,39.7314,24.1508,2.0231,2005-01-01,2006-12-31,"In Kerala, 13.3% of population lives in poverty with an MPI score of 0.0528"
Kerala,0.004,1.0744,37.2712,10.0219,0.0697,2015-01-01,2016-12-31,"In Kerala, 1.07% of population lives in poverty with an MPI score of 0.004"
Kerala,0.0031,0.8575,35.7243,8.6407,0.0303,2019-01-01,2021-12-31,"In Kerala, 0.86% of population lives in poverty with an MPI score of 0.0031"
Ladakh,0.0244,6.5118,37.4463,13.4617,0.8008,2019-01-01,2021-12-31,"In Ladakh, 6.51% of population lives in poverty with an MPI score of 0.0244"
Lakshadweep,0.0033,0.8826,36.9724,14.3035,0.0,2019-01-01,2021-12-31,"In Lakshadweep, 0.88% of population lives in poverty with an MPI score of 0.0033"
Madhya Pradesh,0.3655,68.653,53.2444,14.4577,38.8236,2005-01-01,2006-12-31,"In Madhya Pradesh, 68.65% of population lives in poverty with an MPI score of 0.3655"
Madhya Pradesh,0.1813,40.976,44.256,20.4132,13.0344,2015-01-01,2016-12-31,"In Madhya Pradesh, 40.98% of population lives in poverty with an MPI score of 0.1813"
Madhya Pradesh,0.0994,23.9625,41.4887,22.1937,5.4665,2019-01-01,2021-12-31,"In Madhya Pradesh, 23.96% of population lives in poverty with an MPI score of 0.0994"
Maharashtra,0.1861,40.1275,46.3891,21.0493,13.7837,2005-01-01,2006-12-31,"In Maharashtra, 40.13% of population lives in poverty with an MPI score of 0.1861"
Maharashtra,0.0707,17.113,41.2966,20.3564,3.4594,2015-01-01,2016-12-31,"In Maharashtra, 17.11% of population lives in poverty with an MPI score of 0.0707"
Maharashtra,0.0357,8.9881,39.7104,16.9318,1.3985,2019-01-01,2021-12-31,"In Maharashtra, 8.99% of population lives in poverty with an MPI score of 0.0357"
Manipur,0.2023,43.8821,46.0944,25.0252,15.6833,2005-01-01,2006-12-31,"In Manipur, 43.88% of population lives in poverty with an MPI score of 0.2023"
Manipur,0.0779,19.2089,40.5517,22.2305,3.3373,2015-01-01,2016-12-31,"In Manipur, 19.21% of population lives in poverty with an MPI score of 0.0779"
Manipur,0.0383,9.6714,39.6491,17.4012,1.3776,2019-01-01,2021-12-31,"In Manipur, 9.67% of population lives in poverty with an MPI score of 0.0383"
Meghalaya,0.34,61.4013,55.3671,13.4371,39.9671,2005-01-01,2006-12-31,"In Meghalaya, 61.4% of population lives in poverty with an MPI score of 0.34"
Meghalaya,0.1451,32.608,44.5076,23.449,11.1995,2015-01-01,2016-12-31,"In Meghalaya, 32.61% of population lives in poverty with an MPI score of 0.1451"
Meghalaya,0.123,27.0191,45.5298,20.0199,10.3066,2019-01-01,2021-12-31,"In Meghalaya, 27.02% of population lives in poverty with an MPI score of 0.123"
Mizoram,0.138,30.5544,45.1668,19.6227,11.3511,2005-01-01,2006-12-31,"In Mizoram, 30.55% of population lives in poverty with an MPI score of 0.138"
Mizoram,0.044,9.7323,45.2273,12.367,3.4015,2015-01-01,2016-12-31,"In Mizoram, 9.73% of population lives in poverty with an MPI score of 0.044"
Mizoram,0.0246,5.7504,42.7607,9.1095,1.7597,2019-01-01,2021-12-31,"In Mizoram, 5.75% of population lives in poverty with an MPI score of 0.0246"
Nagaland,0.2944,57.003,51.6416,18.1679,30.4097,2005-01-01,2006-12-31,"In Nagaland, 57.0% of population lives in poverty with an MPI score of 0.2944"
Nagaland,0.098,23.4818,41.735,17.5262,6.2457,2015-01-01,2016-12-31,"In Nagaland, 23.48% of population lives in poverty with an MPI score of 0.098"
Nagaland,0.066,17.0562,38.706,15.4829,2.8929,2019-01-01,2021-12-31,"In Nagaland, 17.06% of population lives in poverty with an MPI score of 0.066"
Odisha,0.3359,64.1871,52.3309,15.7417,34.1646,2005-01-01,2006-12-31,"In Odisha, 64.19% of population lives in poverty with an MPI score of 0.3359"
Odisha,0.1554,35.838,43.3564,19.0567,10.6222,2015-01-01,2016-12-31,"In Odisha, 35.84% of population lives in poverty with an MPI score of 0.1554"
Odisha,0.0863,20.8,41.5128,19.4307,5.1679,2019-01-01,2021-12-31,"In Odisha, 20.8% of population lives in poverty with an MPI score of 0.0863"
Puducherry,0.0052,1.4224,36.6496,6.7816,0.0423,2019-01-01,2021-12-31,"In Puducherry, 1.42% of population lives in poverty with an MPI score of 0.0052"
Punjab,0.1083,24.0456,45.0275,19.408,8.9322,2005-01-01,2006-12-31,"In Punjab, 24.05% of population lives in poverty with an MPI score of 0.1083"
Punjab,0.0249,6.039,41.2986,13.0096,1.4172,2015-01-01,2016-12-31,"In Punjab, 6.04% of population lives in poverty with an MPI score of 0.0249"
Punjab,0.0188,4.7077,39.9954,12.2023,0.7273,2019-01-01,2021-12-31,"In Punjab, 4.71% of population lives in poverty with an MPI score of 0.0188"
Rajasthan,0.3312,62.029,53.3983,16.1109,35.2103,2005-01-01,2006-12-31,"In Rajasthan, 62.03% of population lives in poverty with an MPI score of 0.3312"
Rajasthan,0.1405,31.0514,45.2544,22.2016,10.9355,2015-01-01,2016-12-31,"In Rajasthan, 31.05% of population lives in poverty with an MPI score of 0.1405"
Rajasthan,0.0679,16.5691,41.0065,22.7726,3.6461,2019-01-01,2021-12-31,"In Rajasthan, 16.57% of population lives in poverty with an MPI score of 0.0679"
Sikkim,0.1771,37.4824,47.2551,15.8782,15.7152,2005-01-01,2006-12-31,"In Sikkim, 37.48% of population lives in poverty with an MPI score of 0.1771"
Sikkim,0.0184,4.8313,38.1273,12.2008,0.5061,2015-01-01,2016-12-31,"In Sikkim, 4.83% of population lives in poverty with an MPI score of 0.0184"
Sikkim,0.014,3.6746,38.1001,9.6617,0.4811,2019-01-01,2021-12-31,"In Sikkim, 3.67% of population lives in poverty with an MPI score of 0.014"
Tamil Nadu,0.1562,37.2884,41.8971,21.8691,8.5019,2005-01-01,2006-12-31,"In Tamil Nadu, 37.29% of population lives in poverty with an MPI score of 0.1562"
Tamil Nadu,0.0268,7.1361,37.4933,16.462,0.553,2015-01-01,2016-12-31,"In Tamil Nadu, 7.14% of population lives in poverty with an MPI score of 0.0268"
Tamil Nadu,0.0142,3.8376,36.9201,12.6557,0.2207,2019-01-01,2021-12-31,"In Tamil Nadu, 3.84% of population lives in poverty with an MPI score of 0.0142"
Telangana,0.0265,6.778,39.1221,16.9551,0.8137,2019-01-01,2021-12-31,"In Telangana, 6.78% of population lives in poverty with an MPI score of 0.0265"
Tripura,0.2655,54.5726,48.6483,19.0309,23.7059,2005-01-01,2006-12-31,"In Tripura, 54.57% of population lives in poverty with an MPI score of 0.2655"
Tripura,0.0865,20.2643,42.6853,20.4695,5.2868,2015-01-01,2016-12-31,"In Tripura, 20.26% of population lives in poverty with an MPI score of 0.0865"
Tripura,0.0635,15.7,40.429,20.6966,2.8284,2019-01-01,2021-12-31,"In Tripura, 15.7% of population lives in poverty with an MPI score of 0.0635"
Uttar Pradesh,0.3611,68.7876,52.4888,14.5043,36.4787,2005-01-01,2006-12-31,"In Uttar Pradesh, 68.79% of population lives in poverty with an MPI score of 0.3611"
Uttar Pradesh,0.1821,40.6897,44.748,19.4765,14.0344,2015-01-01,2016-12-31,"In Uttar Pradesh, 40.69% of population lives in poverty with an MPI score of 0.1821"
Uttar Pradesh,0.0983,22.9387,42.833,21.4781,6.5851,2019-01-01,2021-12-31,"In Uttar Pradesh, 22.94% of population lives in poverty with an MPI score of 0.0983"
Uttarakhand,0.1818,39.2942,46.279,21.0565,15.0077,2005-01-01,2006-12-31,"In Uttarakhand, 39.29% of population lives in poverty with an MPI score of 0.1818"
Uttarakhand,0.0719,17.2125,41.7477,19.4276,3.9146,2015-01-01,2016-12-31,"In Uttarakhand, 17.21% of population lives in poverty with an MPI score of 0.0719"
Uttarakhand,0.0391,9.811,39.8766,16.1711,1.5089,2019-01-01,2021-12-31,"In Uttarakhand, 9.81% of population lives in poverty with an MPI score of 0.0391"
West Bengal,0.3019,57.9645,52.0805,16.3538,31.0786,2005-01-01,2006-12-31,"In West Bengal, 57.96% of population lives in poverty with an MPI score of 0.3019"
West Bengal,0.1097,26.1638,41.9144,19.8294,7.0784,2015-01-01,2016-12-31,"In West Bengal, 26.16% of population lives in poverty with an MPI score of 0.1097"
West Bengal,0.0607,15.2707,39.7277,20.2134,2.8258,2019-01-01,2021-12-31,"In West Bengal, 15.27% of population lives in poverty with an MPI score of 0.0607"
